{"cameraMode":{"drawMode":0,"name":"Shaded","section":"Shading Mode"},"sceneLighting":false,"audioPlay":false,"sceneViewState":{"showFog":true,"showMaterialUpdate":true,"showSkybox":false,"showFlares":true,"showImageEffects":true,"showParticleSystems":true},"in2DMode":false,"pivot":{"x":9.999999046325684,"y":3.911098003387451,"z":9.856274604797364},"rotation":{"x":-0.1575525999069214,"y":0.8160266876220703,"z":-0.26212456822395327,"w":-0.49048152565956118},"size":18.425430297851564,"orthographic":false}