{"cameraMode":{"drawMode":0,"name":"Shaded","section":"Shading Mode"},"sceneLighting":false,"audioPlay":false,"sceneViewState":{"showFog":true,"showMaterialUpdate":true,"showSkybox":false,"showFlares":true,"showImageEffects":true,"showParticleSystems":true},"in2DMode":false,"pivot":{"x":0.045722007751464847,"y":8.011947631835938,"z":-14.999456405639649},"rotation":{"x":-0.1575525999069214,"y":0.8160266876220703,"z":-0.26212456822395327,"w":-0.49048152565956118},"size":18.518333435058595,"orthographic":false}