{"cameraMode":{"drawMode":0,"name":"Shaded","section":"Shading Mode"},"sceneLighting":false,"audioPlay":false,"sceneViewState":{"showFog":true,"showMaterialUpdate":true,"showSkybox":false,"showFlares":true,"showImageEffects":true,"showParticleSystems":true},"in2DMode":false,"pivot":{"x":15.019572257995606,"y":2.5722289085388185,"z":1.4106223583221436},"rotation":{"x":0.2508885860443115,"y":0.03918742015957832,"z":-0.010165576823055745,"w":0.9671738147735596},"size":3.0709927082061769,"orthographic":false}